<ROOT xmlns:xsi="http://www.w3.org/2001/XMLSchema-instance"><HEADER><TYPE><EXTENSION_TABLE_NAME>QC5_EFF_GAIN_CONFIG</EXTENSION_TABLE_NAME><NAME>GEM Chamber QC5 Effective Gain Config</NAME></TYPE><RUN><RUN_TYPE>CERN GEM Chamber QC5 Effective Gain</RUN_TYPE><RUN_NUMBER>9</RUN_NUMBER><RUN_BEGIN_TIMESTAMP>2017-09-14 12:45:12</RUN_BEGIN_TIMESTAMP><RUN_END_TIMESTAMP>2017-09-14 14:45:12</RUN_END_TIMESTAMP><COMMENT_DESCRIPTION> Please Put the comment of your detector:</COMMENT_DESCRIPTION><LOCATION>CERN</LOCATION><INITIATED_BY_USER>hasib</INITIATED_BY_USER></RUN></HEADER><DATA_SET><COMMENT_DESCRIPTION> Please Make Summary of Your Detector: </COMMENT_DESCRIPTION><VERSION>1</VERSION><PART><KIND_OF_PART>GEM Chamber</KIND_OF_PART><SERIAL_NUMBER>GE1/1-X-S-CERN-0001</SERIAL_NUMBER></PART><DATA><USER_NAME>hasib</USER_NAME><PREAMPLIFIER>ORTEC 142PC</PREAMPLIFIER><AMPLIFIER>474 Timing Filter Amp - ORTEC</AMPLIFIER><COARSE_GAIN>4.0</COARSE_GAIN><FINE_GAIN>4.0</FINE_GAIN><INT_TIME_NS>500.0</INT_TIME_NS><DIFF_TIME_NS>500.0</DIFF_TIME_NS><DISCRIMINATOR>QUAD 935</DISCRIMINATOR><THRSHLD_MV>140.0</THRSHLD_MV><WALK_ADJUST_MV>0.006</WALK_ADJUST_MV><WIDTH_NS>400.0</WIDTH_NS><SCALAR>CAEN N1145</SCALAR><DAQ_TIME_SEC>60.0</DAQ_TIME_SEC><PICOAMMETER>kiethley 6487</PICOAMMETER><TRIAX_RED>signal</TRIAX_RED><TRIAX_BLACK>shielding</TRIAX_BLACK><TRIAX_GREEN>gnd</TRIAX_GREEN><SOURCE>Ag X-Ray</SOURCE><HV_VLT>40.0</HV_VLT><CURRENT_UA>5.0</CURRENT_UA><NB_PRIMARIES>346.0</NB_PRIMARIES><ETA_SECTOR>Enter Value</ETA_SECTOR><GAS>Ar/CO2</GAS><GAS_FRAC>70/30</GAS_FRAC><FLOW_RATE_LHR>5.0</FLOW_RATE_LHR><REQUIV_MOHM_MSRD>5.25</REQUIV_MOHM_MSRD><REDIVIDER_MOHM_MSRD>4.638</REDIVIDER_MOHM_MSRD></DATA></DATA_SET></ROOT>